metric,value
n,233.0
mean,0.2229930428489136
std,0.054489773746327935
median,0.198295033358043
q25,0.1761082500252448
q75,0.279272410412809
min,0.1561461794019933
max,0.3376012542461458
