metric,value
n,10222.0
mean,5.375239679123459
std,1.0849046665419084
median,5.44
q25,4.9
q75,6.02
min,1.3
max,8.5
